Component,Pre_Mean,Pre_SD,Post_Mean,Post_SD,Mean_Diff,Percent_Change,T_stat,P_value,Cohens_d,CI_Low,CI_High,Improved_Pct,P_corrected,Significant
Claim,4.875,0.806225774829855,5.8125,0.5439056290693574,0.9375,19.230769230769234,5.514109665703558,5.9461335275977634e-05,1.1628256367738292,0.5751143983152163,1.2998856016847837,75.0,0.00011892267055195527,True
Grounds,4.0625,0.9287087810503355,5.9375,0.5737304826019501,1.875,46.15384615384615,12.113592796308724,3.800050288048435e-09,2.0189321327181204,1.5450840151122183,2.2049159848877817,100.0,2.6600352016339047e-08,True
Warrant,4.0625,0.9287087810503355,5.3125,0.7932002689527196,1.25,30.76923076923077,5.0,0.00015836951462202723,1.3459547551454139,0.7171376136101693,1.7828623863898307,81.25,0.00015836951462202723,True
Backing,3.25,0.6831300510639732,5.0,0.6324555320336759,1.75,53.84615384615385,10.2469507659596,3.6215788445874805e-08,2.5617376914899,1.3859856907754442,2.114014309224556,100.0,1.8107894222937404e-07,True
Qualifier,3.8125,0.6551081335677849,5.375,0.7187952884282609,1.5625,40.98360655737705,8.591792457793384,3.537227723836846e-07,2.385102428038052,1.1748754232546044,1.9501245767453956,93.75,1.0611683171510538e-06,True
Rebuttals,3.6875,0.9464847243000456,5.75,0.6831300510639732,2.0625,55.932203389830505,10.68787954791638,2.0682033979724037e-08,2.1791159931559188,1.6511822387914044,2.4738177612085956,100.0,1.2409220387834423e-07,True
Self-Efficacy,4.3125,0.873212459828649,6.0625,0.5737304826019501,1.75,40.57971014492754,10.2469507659596,3.6215788445874805e-08,2.0040941700985386,1.3859856907754442,2.114014309224556,100.0,1.8107894222937404e-07,True
